{
    "q_liq": [
        1.0,
        9.142857142857142,
        17.285714285714285,
        25.428571428571427,
        33.57142857142857,
        41.71428571428571,
        49.857142857142854,
        58.0,
        66.14285714285714,
        74.28571428571428,
        82.42857142857142,
        90.57142857142857,
        98.71428571428571,
        106.85714285714285,
        115.0,
        123.14285714285714,
        131.28571428571428,
        139.42857142857142,
        147.57142857142856,
        155.7142857142857,
        163.85714285714283,
        172.0,
        180.14285714285714,
        188.28571428571428,
        196.42857142857142,
        204.57142857142856,
        212.7142857142857,
        220.85714285714283,
        229.0,
        237.14285714285714,
        245.28571428571428,
        253.42857142857142,
        261.57142857142856,
        269.7142857142857,
        277.85714285714283,
        286.0,
        294.1428571428571,
        302.2857142857143,
        310.4285714285714,
        318.57142857142856,
        326.71428571428567,
        334.85714285714283,
        343.0,
        351.1428571428571,
        359.2857142857143,
        367.4285714285714,
        375.57142857142856,
        383.71428571428567,
        391.85714285714283,
        400.0
    ],
    "p_wf": [
        435.67767089406414,
        435.674292185232,
        435.6640232228023,
        435.6497785803726,
        435.630851882508,
        435.6072480506103,
        435.5789883309971,
        435.5460863834862,
        435.5085516392918,
        435.46639096967186,
        435.4196095886546,
        435.3682115807411,
        435.31220022852256,
        435.2515782260834,
        435.18634782359,
        435.1165109285188,
        435.04206917853,
        434.96302399518663,
        434.8793766243984,
        434.791128167413,
        434.69827960495866,
        434.6008318163154,
        434.4987855945783,
        434.3921416590109,
        434.28090066514903,
        434.1650632131439,
        434.0446298547107,
        433.9196010989594,
        433.7899774173299,
        433.6557592477853,
        433.51694699841113,
        433.3735410505115,
        433.22554176129114,
        433.0729494661919,
        432.9157644809342,
        432.7539871033087,
        432.58761761476006,
        432.41665628178646,
        432.2411033571825,
        432.0609590811501,
        431.87622368228875,
        431.6868973784859,
        431.49298037771956,
        431.29447287877696,
        431.09137507191184,
        430.8836871394348,
        430.67140925625193,
        430.454541590358,
        430.23308430328035,
        430.0070375504925
    ]
}